{
  "accuracy": 0.6114285714285714,
  "f1": 0.6066772993088783,
  "loss_history": [
    0.6799178819209208,
    0.6790098535765522,
    0.6773584230276901,
    0.6821937699025623,
    0.7010815145025192,
    0.6723418703783604,
    0.7119201618801019,
    0.6581586736174264,
    0.6578610439127439,
    0.6776905655119264,
    0.6852134588652189,
    0.6800767552580144,
    0.6781899506744077,
    0.7168954823479119,
    0.6533966993846514,
    0.6401644520011863,
    0.6694929622759256,
    0.6880865342708944,
    0.719896151834018,
    0.6382802636052781,
    0.7105823165358413,
    0.6664973188878737,
    0.6882398448550163,
    0.6906171300553444,
    0.7097446482418318,
    0.6357760618965546,
    0.7325599345586801,
    0.6149506620101269,
    0.7256802818602813,
    0.6296710074208169,
    0.6418677974943628,
    0.6454623153980951,
    0.6798176266419239,
    0.617347454164217,
    0.6864621540931868,
    0.6391792493824829,
    0.6728613807573098,
    0.6810653619896284,
    0.6984982271745735,
    0.6961410572043208
  ],
  "shap_mean_abs": [
    0.05235534115600282,
    0.0937647655636352,
    0.0715530036117045,
    0.0672320752942998,
    0.010194127268189747,
    0.013085870589427036,
    0.012134255650690014,
    0.008073860783776324,
    0.015614292457582037,
    0.011157063779525933,
    0.012288225011216099,
    0.012140243497676092,
    0.013004282714740698,
    0.013059195286180237,
    0.015309067194420573
  ],
  "feature_names": [
    "A1_Score",
    "A2_Score",
    "A3_Score",
    "A4_Score",
    "A5_Score",
    "A6_Score",
    "A7_Score",
    "A8_Score",
    "A9_Score",
    "A10_Score",
    "age",
    "gender",
    "jaundice",
    "autism_family",
    "result"
  ],
  "sensitivities": [
    0.08090230892973944,
    0.10999595031426436,
    0.053467062231024896,
    0.08159535578116224,
    0.0,
    0.0,
    0.0,
    0.0,
    0.0,
    0.0,
    0.0,
    0.0,
    0.0,
    0.0,
    0.0
  ]
}